,Unnamed: 0,class_label
0,9,car_horn
1,10,car_horn
2,11,car_horn
3,12,car_horn
4,13,car_horn
5,106,gun_shot
6,114,siren
7,115,siren
8,116,siren
9,117,siren
10,118,siren
11,119,siren
12,120,siren
13,121,siren
14,122,engine_idling
15,123,engine_idling
16,124,engine_idling
17,125,engine_idling
18,126,engine_idling
19,127,engine_idling
20,128,engine_idling
21,129,engine_idling
22,130,engine_idling
23,131,engine_idling
24,132,engine_idling
25,133,engine_idling
26,134,engine_idling
27,135,engine_idling
28,136,engine_idling
29,137,engine_idling
30,138,engine_idling
31,139,engine_idling
32,140,engine_idling
33,141,engine_idling
34,142,engine_idling
35,143,engine_idling
36,144,engine_idling
37,145,engine_idling
38,146,engine_idling
39,147,engine_idling
40,148,engine_idling
41,149,engine_idling
42,150,engine_idling
43,151,engine_idling
44,152,engine_idling
45,153,engine_idling
46,154,engine_idling
47,155,siren
48,156,siren
49,157,siren
50,158,siren
51,159,siren
52,160,siren
53,161,siren
54,162,siren
55,163,siren
56,164,siren
57,165,siren
58,166,siren
59,167,siren
60,168,siren
61,169,siren
62,170,siren
63,217,engine_idling
64,218,engine_idling
65,219,engine_idling
66,220,engine_idling
67,221,engine_idling
68,222,engine_idling
69,223,engine_idling
70,224,engine_idling
71,225,engine_idling
72,226,engine_idling
73,227,engine_idling
74,228,engine_idling
75,229,engine_idling
76,230,engine_idling
77,231,engine_idling
78,232,engine_idling
79,233,engine_idling
80,234,engine_idling
81,235,engine_idling
82,236,engine_idling
83,237,engine_idling
84,238,engine_idling
85,239,engine_idling
86,240,engine_idling
87,241,engine_idling
88,242,engine_idling
89,243,engine_idling
90,244,engine_idling
91,245,engine_idling
92,246,engine_idling
93,247,engine_idling
94,248,engine_idling
95,249,engine_idling
96,250,engine_idling
97,251,engine_idling
98,252,engine_idling
99,253,engine_idling
100,254,engine_idling
101,255,engine_idling
102,256,engine_idling
103,259,engine_idling
104,260,engine_idling
105,261,engine_idling
106,421,siren
107,422,siren
108,423,siren
109,424,siren
110,425,siren
111,426,siren
112,427,siren
113,428,siren
114,429,siren
115,430,siren
116,431,siren
117,432,siren
118,433,siren
119,434,siren
120,435,siren
121,436,siren
122,437,siren
123,438,siren
124,439,siren
125,457,engine_idling
126,458,engine_idling
127,459,engine_idling
128,460,engine_idling
129,461,engine_idling
130,462,engine_idling
131,463,engine_idling
132,464,engine_idling
133,465,engine_idling
134,466,engine_idling
135,467,engine_idling
136,468,engine_idling
137,469,engine_idling
138,470,engine_idling
139,471,engine_idling
140,472,engine_idling
141,473,engine_idling
142,474,engine_idling
143,475,engine_idling
144,476,engine_idling
145,477,engine_idling
146,478,engine_idling
147,479,engine_idling
148,480,engine_idling
149,481,engine_idling
150,482,engine_idling
151,483,engine_idling
152,484,engine_idling
153,485,engine_idling
154,486,engine_idling
155,487,engine_idling
156,488,engine_idling
157,489,engine_idling
158,490,engine_idling
159,491,engine_idling
160,492,siren
161,493,siren
162,494,siren
163,495,siren
164,496,gun_shot
165,497,car_horn
166,498,car_horn
167,500,engine_idling
168,501,engine_idling
169,502,engine_idling
170,503,engine_idling
171,504,engine_idling
172,505,engine_idling
173,506,engine_idling
174,507,engine_idling
175,508,siren
176,509,siren
177,510,siren
178,511,siren
179,512,siren
180,513,siren
181,514,siren
182,515,siren
183,516,siren
184,517,siren
185,518,siren
186,519,siren
187,520,siren
188,521,siren
189,522,siren
190,523,siren
191,524,siren
192,525,siren
193,526,siren
194,527,siren
195,528,siren
196,529,siren
197,530,siren
198,531,siren
199,532,siren
200,533,siren
201,534,siren
202,535,siren
203,611,gun_shot
204,626,gun_shot
205,627,engine_idling
206,628,engine_idling
207,629,engine_idling
208,630,engine_idling
209,631,engine_idling
210,632,engine_idling
211,633,engine_idling
212,634,engine_idling
213,635,engine_idling
214,636,engine_idling
215,637,engine_idling
216,638,engine_idling
217,639,engine_idling
218,640,engine_idling
219,641,engine_idling
220,642,engine_idling
221,643,engine_idling
222,644,engine_idling
223,645,engine_idling
224,646,engine_idling
225,647,engine_idling
226,648,engine_idling
227,649,engine_idling
228,650,siren
229,651,siren
230,652,siren
231,653,siren
232,654,siren
233,655,siren
234,656,siren
235,657,siren
236,658,siren
237,659,siren
238,660,siren
239,661,siren
240,662,siren
241,663,siren
242,664,siren
243,665,siren
244,666,siren
245,667,siren
246,668,siren
247,669,siren
248,670,siren
249,671,siren
250,672,siren
251,673,engine_idling
252,674,engine_idling
253,675,engine_idling
254,680,siren
255,681,engine_idling
256,682,engine_idling
257,683,engine_idling
258,684,engine_idling
259,685,engine_idling
260,686,engine_idling
261,687,engine_idling
262,688,engine_idling
263,689,engine_idling
264,690,engine_idling
265,691,engine_idling
266,692,engine_idling
267,693,engine_idling
268,694,engine_idling
269,695,engine_idling
270,696,engine_idling
271,697,engine_idling
272,698,engine_idling
273,699,engine_idling
274,700,engine_idling
275,701,engine_idling
276,702,engine_idling
277,703,engine_idling
278,704,engine_idling
279,705,engine_idling
280,706,engine_idling
281,707,engine_idling
282,708,engine_idling
283,709,engine_idling
284,710,engine_idling
285,711,engine_idling
286,712,engine_idling
287,713,engine_idling
288,714,engine_idling
289,715,engine_idling
290,716,engine_idling
291,717,engine_idling
292,718,engine_idling
293,719,engine_idling
294,720,engine_idling
295,721,engine_idling
296,722,engine_idling
297,723,engine_idling
298,724,engine_idling
299,725,engine_idling
300,726,engine_idling
301,727,engine_idling
302,728,engine_idling
303,729,engine_idling
304,730,engine_idling
305,731,engine_idling
306,732,engine_idling
307,733,engine_idling
308,734,engine_idling
309,735,engine_idling
310,736,engine_idling
311,737,engine_idling
312,738,engine_idling
313,739,engine_idling
314,740,engine_idling
315,741,engine_idling
316,742,engine_idling
317,743,engine_idling
318,744,engine_idling
319,745,engine_idling
320,746,engine_idling
321,747,engine_idling
322,748,engine_idling
323,749,engine_idling
324,750,engine_idling
325,751,engine_idling
326,752,engine_idling
327,753,engine_idling
328,849,siren
329,850,siren
330,851,siren
331,852,siren
332,853,siren
333,854,siren
334,855,siren
335,856,siren
336,857,siren
337,858,siren
338,859,siren
339,860,siren
340,861,siren
341,868,car_horn
342,875,car_horn
343,895,siren
344,896,siren
345,897,siren
346,898,siren
347,899,siren
348,900,siren
349,901,siren
350,902,siren
351,903,siren
352,904,siren
353,905,siren
354,906,siren
355,907,siren
356,908,siren
357,909,siren
358,919,car_horn
359,920,car_horn
360,921,engine_idling
361,922,engine_idling
362,923,engine_idling
363,924,engine_idling
364,925,engine_idling
365,926,engine_idling
366,927,engine_idling
367,928,engine_idling
368,929,engine_idling
369,930,engine_idling
370,944,engine_idling
371,945,engine_idling
372,946,engine_idling
373,947,engine_idling
374,948,engine_idling
375,949,engine_idling
376,950,engine_idling
377,951,engine_idling
378,952,engine_idling
379,953,engine_idling
380,954,engine_idling
381,955,engine_idling
382,956,engine_idling
383,957,engine_idling
384,958,engine_idling
385,992,car_horn
386,993,siren
387,994,siren
388,1000,gun_shot
389,1015,engine_idling
390,1016,engine_idling
391,1017,engine_idling
392,1018,engine_idling
393,1019,engine_idling
394,1020,engine_idling
395,1021,engine_idling
396,1022,engine_idling
397,1023,engine_idling
398,1024,siren
399,1025,siren
400,1026,siren
401,1027,siren
402,1028,siren
403,1029,siren
404,1030,siren
405,1031,siren
406,1032,siren
407,1033,siren
408,1034,siren
409,1035,siren
410,1036,siren
411,1037,siren
412,1038,siren
413,1039,siren
414,1040,siren
415,1041,siren
416,1042,siren
417,1043,siren
418,1044,siren
419,1045,siren
420,1046,siren
421,1047,siren
422,1048,siren
423,1049,siren
424,1050,siren
425,1051,siren
426,1052,siren
427,1053,siren
428,1054,siren
429,1055,siren
430,1056,siren
431,1057,siren
432,1058,siren
433,1059,siren
434,1060,siren
435,1061,siren
436,1062,siren
437,1063,siren
438,1064,siren
439,1065,siren
440,1066,siren
441,1067,siren
442,1068,siren
443,1069,siren
444,1070,siren
445,1071,siren
446,1072,siren
447,1079,car_horn
448,1080,car_horn
449,1081,car_horn
450,1082,car_horn
451,1083,car_horn
452,1174,engine_idling
453,1175,engine_idling
454,1176,engine_idling
455,1183,engine_idling
456,1184,engine_idling
457,1185,engine_idling
458,1186,engine_idling
459,1187,engine_idling
460,1188,engine_idling
461,1189,engine_idling
462,1190,engine_idling
463,1191,engine_idling
464,1192,engine_idling
465,1193,engine_idling
466,1194,engine_idling
467,1195,engine_idling
468,1196,engine_idling
469,1197,engine_idling
470,1198,engine_idling
471,1203,car_horn
472,1204,car_horn
473,1205,car_horn
474,1206,car_horn
475,1207,car_horn
476,1208,car_horn
477,1209,car_horn
478,1210,car_horn
479,1211,car_horn
480,1268,gun_shot
481,1307,car_horn
482,1308,car_horn
483,1309,car_horn
484,1310,car_horn
485,1311,car_horn
486,1312,car_horn
487,1313,car_horn
488,1366,siren
489,1367,siren
490,1368,siren
491,1369,siren
492,1370,siren
493,1371,siren
494,1380,gun_shot
495,1381,gun_shot
496,1382,gun_shot
497,1408,siren
498,1409,siren
499,1410,siren
500,1411,siren
501,1412,siren
502,1413,siren
503,1414,siren
504,1415,siren
505,1416,siren
506,1417,siren
507,1418,siren
508,1419,siren
509,1420,gun_shot
510,1421,gun_shot
511,1422,gun_shot
512,1423,gun_shot
513,1424,gun_shot
514,1425,gun_shot
515,1426,gun_shot
516,1427,gun_shot
517,1428,gun_shot
518,1429,gun_shot
519,1430,gun_shot
520,1431,gun_shot
521,1432,gun_shot
522,1433,gun_shot
523,1434,gun_shot
524,1435,gun_shot
525,1436,gun_shot
526,1437,gun_shot
527,1438,gun_shot
528,1439,gun_shot
529,1440,gun_shot
530,1441,gun_shot
531,1442,gun_shot
532,1443,gun_shot
533,1444,gun_shot
534,1445,gun_shot
535,1446,gun_shot
536,1447,gun_shot
537,1448,gun_shot
538,1449,gun_shot
539,1450,gun_shot
540,1451,gun_shot
541,1452,gun_shot
542,1453,gun_shot
543,1454,gun_shot
544,1455,gun_shot
545,1456,gun_shot
546,1457,gun_shot
547,1458,gun_shot
548,1459,gun_shot
549,1460,gun_shot
550,1461,gun_shot
551,1462,gun_shot
552,1463,gun_shot
553,1464,gun_shot
554,1465,gun_shot
555,1466,gun_shot
556,1467,gun_shot
557,1468,gun_shot
558,1469,gun_shot
559,1470,gun_shot
560,1471,gun_shot
561,1472,gun_shot
562,1473,gun_shot
563,1474,gun_shot
564,1475,gun_shot
565,1476,gun_shot
566,1477,gun_shot
567,1478,gun_shot
568,1479,gun_shot
569,1480,gun_shot
570,1481,gun_shot
571,1482,gun_shot
572,1483,gun_shot
573,1484,gun_shot
574,1485,gun_shot
575,1486,gun_shot
576,1487,gun_shot
577,1488,gun_shot
578,1489,gun_shot
579,1490,gun_shot
580,1491,gun_shot
581,1492,gun_shot
582,1493,gun_shot
583,1514,gun_shot
584,1515,gun_shot
585,1516,gun_shot
586,1517,gun_shot
587,1518,gun_shot
588,1519,gun_shot
589,1520,gun_shot
590,1521,gun_shot
591,1522,gun_shot
592,1523,gun_shot
593,1581,car_horn
594,1582,car_horn
595,1627,engine_idling
596,1628,engine_idling
597,1638,car_horn
598,1639,car_horn
599,1640,car_horn
600,1641,car_horn
601,1642,car_horn
602,1647,engine_idling
603,1674,engine_idling
604,1675,engine_idling
605,1676,engine_idling
606,1677,engine_idling
607,1678,engine_idling
608,1679,engine_idling
609,1680,engine_idling
610,1681,engine_idling
611,1682,engine_idling
612,1683,engine_idling
613,1684,engine_idling
614,1685,engine_idling
615,1686,engine_idling
616,1687,engine_idling
617,1688,engine_idling
618,1689,engine_idling
619,1690,engine_idling
620,1691,engine_idling
621,1692,engine_idling
622,1693,engine_idling
623,1694,engine_idling
624,1695,engine_idling
625,1696,engine_idling
626,1697,engine_idling
627,1698,engine_idling
628,1699,engine_idling
629,1700,engine_idling
630,1701,engine_idling
631,1702,engine_idling
632,1703,engine_idling
633,1704,engine_idling
634,1705,engine_idling
635,1706,engine_idling
636,1707,engine_idling
637,1708,engine_idling
638,1709,engine_idling
639,1710,engine_idling
640,1711,engine_idling
641,1715,engine_idling
642,1716,engine_idling
643,1717,engine_idling
644,1718,engine_idling
645,1719,engine_idling
646,1720,engine_idling
647,1721,engine_idling
648,1722,engine_idling
649,1723,engine_idling
650,1724,engine_idling
651,1725,engine_idling
652,1726,engine_idling
653,1727,engine_idling
654,1728,engine_idling
655,1729,engine_idling
656,1730,engine_idling
657,1731,engine_idling
658,1732,engine_idling
659,1733,engine_idling
660,1734,engine_idling
661,1735,engine_idling
662,1736,engine_idling
663,1737,engine_idling
664,1738,engine_idling
665,1739,engine_idling
666,1740,engine_idling
667,1741,engine_idling
668,1742,engine_idling
669,1743,engine_idling
670,1744,engine_idling
671,1745,engine_idling
672,1746,engine_idling
673,1747,engine_idling
674,1748,engine_idling
675,1782,gun_shot
676,1783,gun_shot
677,1784,gun_shot
678,1785,gun_shot
679,1786,gun_shot
680,1787,gun_shot
681,1788,car_horn
682,1803,car_horn
683,1804,gun_shot
684,1805,gun_shot
685,1806,gun_shot
686,1807,gun_shot
687,1808,gun_shot
688,1809,gun_shot
689,1810,gun_shot
690,1811,gun_shot
691,1812,gun_shot
692,1813,gun_shot
693,1814,gun_shot
694,1815,gun_shot
695,1816,gun_shot
696,1817,gun_shot
697,1818,gun_shot
698,1819,gun_shot
699,1820,gun_shot
700,1821,gun_shot
701,1822,gun_shot
702,1823,gun_shot
703,1824,gun_shot
704,1825,engine_idling
705,1826,engine_idling
706,1827,engine_idling
707,1828,engine_idling
708,1829,engine_idling
709,1830,engine_idling
710,1831,engine_idling
711,1832,engine_idling
712,1833,engine_idling
713,1834,engine_idling
714,1835,engine_idling
715,1836,engine_idling
716,1837,engine_idling
717,1838,engine_idling
718,1948,gun_shot
719,2006,gun_shot
720,2021,siren
721,2022,siren
722,2023,siren
723,2024,siren
724,2025,siren
725,2026,siren
726,2027,siren
727,2028,siren
728,2029,siren
729,2030,siren
730,2031,siren
731,2032,siren
732,2033,siren
733,2034,siren
734,2035,siren
735,2036,siren
736,2037,siren
737,2038,siren
738,2039,siren
739,2040,gun_shot
740,2041,gun_shot
741,2042,gun_shot
742,2043,gun_shot
743,2044,gun_shot
744,2045,gun_shot
745,2046,gun_shot
746,2047,gun_shot
747,2048,gun_shot
748,2049,gun_shot
749,2050,gun_shot
750,2051,gun_shot
751,2052,gun_shot
752,2053,gun_shot
753,2054,gun_shot
754,2055,gun_shot
755,2056,gun_shot
756,2057,gun_shot
757,2058,gun_shot
758,2059,gun_shot
759,2060,gun_shot
760,2061,gun_shot
761,2062,gun_shot
762,2063,gun_shot
763,2064,gun_shot
764,2065,engine_idling
765,2066,engine_idling
766,2067,engine_idling
767,2068,engine_idling
768,2069,engine_idling
769,2070,engine_idling
770,2109,gun_shot
771,2110,gun_shot
772,2111,gun_shot
773,2120,car_horn
774,2121,car_horn
775,2122,car_horn
776,2123,car_horn
777,2124,engine_idling
778,2125,engine_idling
779,2150,engine_idling
780,2151,engine_idling
781,2152,engine_idling
782,2153,engine_idling
783,2154,engine_idling
784,2155,engine_idling
785,2156,engine_idling
786,2157,engine_idling
787,2158,engine_idling
788,2159,engine_idling
789,2160,engine_idling
790,2161,engine_idling
791,2162,engine_idling
792,2163,engine_idling
793,2164,car_horn
794,2174,engine_idling
795,2175,engine_idling
796,2176,engine_idling
797,2177,engine_idling
798,2178,engine_idling
799,2179,engine_idling
800,2180,engine_idling
801,2181,engine_idling
802,2182,engine_idling
803,2183,engine_idling
804,2184,engine_idling
805,2185,engine_idling
806,2186,engine_idling
807,2187,engine_idling
808,2188,engine_idling
809,2189,engine_idling
810,2190,engine_idling
811,2191,engine_idling
812,2192,engine_idling
813,2193,engine_idling
814,2194,engine_idling
815,2195,engine_idling
816,2208,car_horn
817,2209,car_horn
818,2210,car_horn
819,2211,car_horn
820,2212,car_horn
821,2245,car_horn
822,2296,car_horn
823,2297,car_horn
824,2314,engine_idling
825,2315,engine_idling
826,2316,engine_idling
827,2317,engine_idling
828,2318,engine_idling
829,2319,engine_idling
830,2320,engine_idling
831,2321,engine_idling
832,2322,engine_idling
833,2323,engine_idling
834,2324,engine_idling
835,2325,engine_idling
836,2326,engine_idling
837,2327,engine_idling
838,2328,engine_idling
839,2329,engine_idling
840,2330,engine_idling
841,2331,engine_idling
842,2332,engine_idling
843,2333,engine_idling
844,2341,car_horn
845,2342,car_horn
846,2344,engine_idling
847,2345,engine_idling
848,2346,engine_idling
849,2347,engine_idling
850,2348,engine_idling
851,2349,engine_idling
852,2350,engine_idling
853,2371,engine_idling
854,2372,engine_idling
855,2373,engine_idling
856,2374,engine_idling
857,2375,engine_idling
858,2376,engine_idling
859,2377,engine_idling
860,2378,engine_idling
861,2379,engine_idling
862,2380,engine_idling
863,2381,engine_idling
864,2382,engine_idling
865,2383,engine_idling
866,2384,engine_idling
867,2385,engine_idling
868,2386,engine_idling
869,2387,engine_idling
870,2388,engine_idling
871,2389,engine_idling
872,2390,engine_idling
873,2391,engine_idling
874,2392,engine_idling
875,2393,engine_idling
876,2394,siren
877,2395,siren
878,2396,siren
879,2397,siren
880,2398,siren
881,2399,siren
882,2400,siren
883,2401,siren
884,2402,siren
885,2403,siren
886,2404,siren
887,2405,siren
888,2406,siren
889,2407,siren
890,2408,siren
891,2409,siren
892,2410,siren
893,2423,gun_shot
894,2424,gun_shot
895,2425,gun_shot
896,2426,gun_shot
897,2427,gun_shot
898,2428,gun_shot
899,2429,gun_shot
900,2430,gun_shot
901,2431,gun_shot
902,2432,gun_shot
903,2433,gun_shot
904,2434,gun_shot
905,2439,siren
906,2448,gun_shot
907,2449,gun_shot
908,2450,gun_shot
909,2451,siren
910,2452,siren
911,2453,siren
912,2454,siren
913,2455,siren
914,2456,siren
915,2457,siren
916,2458,siren
917,2459,siren
918,2460,siren
919,2461,siren
920,2462,siren
921,2463,siren
922,2464,siren
923,2465,siren
924,2466,siren
925,2467,siren
926,2468,siren
927,2469,siren
928,2470,siren
929,2471,siren
930,2472,siren
931,2473,siren
932,2474,siren
933,2475,siren
934,2476,siren
935,2477,siren
936,2478,siren
937,2479,siren
938,2480,siren
939,2481,siren
940,2482,siren
941,2483,siren
942,2484,siren
943,2485,siren
944,2486,siren
945,2487,siren
946,2488,siren
947,2489,siren
948,2490,siren
949,2491,siren
950,2492,siren
951,2493,siren
952,2494,siren
953,2495,siren
954,2496,siren
955,2497,siren
956,2498,siren
957,2499,siren
958,2500,siren
959,2501,siren
960,2502,siren
961,2503,siren
962,2504,siren
963,2505,siren
964,2506,siren
965,2507,siren
966,2508,siren
967,2509,siren
968,2510,siren
969,2511,siren
970,2512,siren
971,2513,siren
972,2514,siren
973,2515,siren
974,2516,siren
975,2517,siren
976,2518,siren
977,2519,siren
978,2520,siren
979,2521,siren
980,2522,siren
981,2523,siren
982,2524,siren
983,2525,siren
984,2526,siren
985,2527,siren
986,2528,siren
987,2529,siren
988,2530,siren
989,2531,siren
990,2532,siren
991,2533,siren
992,2534,siren
993,2535,siren
994,2561,siren
995,2562,siren
996,2563,siren
997,2564,siren
998,2565,siren
999,2566,siren
1000,2567,siren
1001,2568,siren
1002,2569,siren
1003,2570,siren
1004,2571,siren
1005,2572,gun_shot
1006,2573,gun_shot
1007,2574,gun_shot
1008,2583,gun_shot
1009,2584,gun_shot
1010,2585,gun_shot
1011,2586,gun_shot
1012,2587,gun_shot
1013,2588,gun_shot
1014,2589,gun_shot
1015,2590,gun_shot
1016,2591,gun_shot
1017,2592,gun_shot
1018,2593,gun_shot
1019,2594,gun_shot
1020,2595,gun_shot
1021,2596,gun_shot
1022,2597,gun_shot
1023,2598,gun_shot
1024,2599,gun_shot
1025,2600,gun_shot
1026,2601,gun_shot
1027,2602,gun_shot
1028,2603,gun_shot
1029,2604,gun_shot
1030,2605,gun_shot
1031,2606,gun_shot
1032,2607,gun_shot
1033,2608,gun_shot
1034,2609,gun_shot
1035,2610,gun_shot
1036,2621,siren
1037,2622,siren
1038,2623,siren
1039,2624,siren
1040,2625,siren
1041,2626,siren
1042,2627,siren
1043,2628,siren
1044,2629,siren
1045,2630,siren
1046,2631,siren
1047,2632,siren
1048,2633,siren
1049,2634,siren
1050,2635,siren
1051,2636,siren
1052,2637,siren
1053,2638,siren
1054,2639,siren
1055,2640,siren
1056,2641,siren
1057,2642,siren
1058,2643,siren
1059,2644,siren
1060,2645,siren
1061,2646,siren
1062,2647,siren
1063,2648,siren
1064,2649,siren
1065,2650,siren
1066,2651,siren
1067,2652,siren
1068,2653,siren
1069,2654,siren
1070,2655,siren
1071,2656,siren
1072,2657,siren
1073,2658,siren
1074,2659,siren
1075,2660,siren
1076,2661,siren
1077,2662,siren
1078,2663,siren
1079,2664,siren
1080,2665,siren
1081,2666,siren
1082,2667,siren
1083,2668,siren
1084,2669,siren
1085,2670,siren
1086,2671,siren
1087,2672,siren
1088,2673,siren
1089,2674,siren
1090,2675,siren
1091,2676,siren
1092,2677,siren
1093,2678,siren
1094,2679,siren
1095,2680,siren
1096,2681,siren
1097,2682,siren
1098,2683,siren
1099,2684,siren
1100,2685,siren
1101,2686,siren
1102,2687,siren
1103,2688,siren
1104,2689,siren
1105,2690,siren
1106,2691,siren
1107,2692,siren
1108,2693,siren
1109,2694,siren
1110,2695,siren
1111,2696,siren
1112,2697,siren
1113,2698,siren
1114,2699,siren
1115,2700,siren
1116,2701,siren
1117,2702,siren
1118,2703,siren
1119,2704,siren
1120,2705,siren
1121,2706,siren
1122,2707,siren
1123,2708,siren
1124,2709,siren
1125,2710,siren
1126,2711,siren
1127,2712,siren
1128,2713,siren
1129,2714,siren
1130,2715,siren
1131,2716,siren
1132,2717,siren
1133,2718,siren
1134,2719,siren
1135,2720,siren
1136,2721,siren
1137,2722,siren
1138,2723,siren
1139,2724,siren
1140,2725,siren
1141,2726,siren
1142,2727,siren
1143,2728,siren
1144,2729,siren
1145,2730,siren
1146,2731,siren
1147,2732,siren
1148,2733,siren
1149,2734,siren
1150,2735,siren
1151,2736,siren
1152,2737,siren
1153,2738,siren
1154,2739,siren
1155,2740,siren
1156,2741,siren
1157,2742,siren
1158,2743,siren
1159,2744,siren
1160,2745,siren
1161,2746,siren
1162,2747,siren
1163,2748,siren
1164,2749,siren
1165,2750,siren
1166,2751,siren
1167,2752,siren
1168,2753,siren
1169,2754,siren
1170,2755,siren
1171,2756,siren
1172,2757,siren
1173,2758,siren
1174,2759,siren
1175,2760,siren
1176,2761,siren
1177,2762,siren
1178,2763,siren
1179,2764,siren
1180,2765,siren
1181,2766,siren
1182,2767,siren
1183,2768,siren
1184,2769,siren
1185,2770,siren
1186,2771,siren
1187,2772,siren
1188,2773,siren
1189,2774,siren
1190,2775,siren
1191,2776,siren
1192,2777,siren
1193,2778,siren
1194,2779,siren
1195,2780,siren
1196,2781,siren
1197,2782,siren
1198,2783,siren
1199,2784,siren
1200,2785,siren
1201,2786,siren
1202,2846,car_horn
1203,2847,car_horn
1204,2848,car_horn
1205,2849,car_horn
1206,2867,gun_shot
1207,2970,gun_shot
1208,2971,gun_shot
1209,2972,gun_shot
1210,2973,gun_shot
1211,2974,gun_shot
1212,2975,gun_shot
1213,2976,gun_shot
1214,2977,gun_shot
1215,2978,gun_shot
1216,2979,gun_shot
1217,2980,gun_shot
1218,2981,gun_shot
1219,2982,gun_shot
1220,2983,gun_shot
1221,2984,gun_shot
1222,2985,gun_shot
1223,2986,gun_shot
1224,2987,gun_shot
1225,2988,gun_shot
1226,2989,gun_shot
1227,2990,gun_shot
1228,2991,gun_shot
1229,2992,gun_shot
1230,2993,gun_shot
1231,2994,gun_shot
1232,2995,gun_shot
1233,2996,gun_shot
1234,2997,gun_shot
1235,2998,gun_shot
1236,2999,gun_shot
1237,3000,gun_shot
1238,3001,gun_shot
1239,3002,gun_shot
1240,3003,gun_shot
1241,3004,gun_shot
1242,3005,gun_shot
1243,3006,car_horn
1244,3007,car_horn
1245,3008,car_horn
1246,3009,car_horn
1247,3010,car_horn
1248,3011,car_horn
1249,3012,car_horn
1250,3013,car_horn
1251,3014,car_horn
1252,3015,car_horn
1253,3017,gun_shot
1254,3018,siren
1255,3019,siren
1256,3020,siren
1257,3021,siren
1258,3022,siren
1259,3023,siren
1260,3024,siren
1261,3052,car_horn
1262,3053,car_horn
1263,3054,car_horn
1264,3055,gun_shot
1265,3056,gun_shot
1266,3057,siren
1267,3058,siren
1268,3059,siren
1269,3060,siren
1270,3061,siren
1271,3062,siren
1272,3063,siren
1273,3064,siren
1274,3108,siren
1275,3109,siren
1276,3110,siren
1277,3111,siren
1278,3112,siren
1279,3113,siren
1280,3114,siren
1281,3115,siren
1282,3116,siren
1283,3179,engine_idling
1284,3180,engine_idling
1285,3181,engine_idling
1286,3182,engine_idling
1287,3183,engine_idling
1288,3184,engine_idling
1289,3185,engine_idling
1290,3186,engine_idling
1291,3187,engine_idling
1292,3188,engine_idling
1293,3189,engine_idling
1294,3199,engine_idling
1295,3200,engine_idling
1296,3201,engine_idling
1297,3202,engine_idling
1298,3203,engine_idling
1299,3204,engine_idling
1300,3205,engine_idling
1301,3206,engine_idling
1302,3207,engine_idling
1303,3208,engine_idling
1304,3209,engine_idling
1305,3296,siren
1306,3327,engine_idling
1307,3328,engine_idling
1308,3329,engine_idling
1309,3330,engine_idling
1310,3331,engine_idling
1311,3332,engine_idling
1312,3333,engine_idling
1313,3334,engine_idling
1314,3335,engine_idling
1315,3336,engine_idling
1316,3337,engine_idling
1317,3338,engine_idling
1318,3339,engine_idling
1319,3340,engine_idling
1320,3341,engine_idling
1321,3342,engine_idling
1322,3343,engine_idling
1323,3344,engine_idling
1324,3398,gun_shot
1325,3430,car_horn
1326,3440,car_horn
1327,3453,car_horn
1328,3461,car_horn
1329,3462,car_horn
1330,3463,car_horn
1331,3555,car_horn
1332,3592,gun_shot
1333,3593,gun_shot
1334,3594,gun_shot
1335,3595,gun_shot
1336,3596,gun_shot
1337,3597,gun_shot
1338,3598,gun_shot
1339,3599,gun_shot
1340,3600,gun_shot
1341,3601,gun_shot
1342,3602,gun_shot
1343,3603,gun_shot
1344,3604,gun_shot
1345,3605,gun_shot
1346,3606,gun_shot
1347,3607,gun_shot
1348,3608,gun_shot
1349,3609,gun_shot
1350,3610,gun_shot
1351,3611,gun_shot
1352,3612,gun_shot
1353,3613,gun_shot
1354,3614,gun_shot
1355,3615,gun_shot
1356,3616,gun_shot
1357,3617,gun_shot
1358,3618,gun_shot
1359,3619,gun_shot
1360,3620,gun_shot
1361,3621,gun_shot
1362,3638,car_horn
1363,3639,car_horn
1364,3667,engine_idling
1365,3668,engine_idling
1366,3669,engine_idling
1367,3670,engine_idling
1368,3671,engine_idling
1369,3672,engine_idling
1370,3673,engine_idling
1371,3674,engine_idling
1372,3675,engine_idling
1373,3676,engine_idling
1374,3677,engine_idling
1375,3678,engine_idling
1376,3679,engine_idling
1377,3680,engine_idling
1378,3681,engine_idling
1379,3682,engine_idling
1380,3683,engine_idling
1381,3684,engine_idling
1382,3685,engine_idling
1383,3686,engine_idling
1384,3687,engine_idling
1385,3688,engine_idling
1386,3689,engine_idling
1387,3690,engine_idling
1388,3691,engine_idling
1389,3692,engine_idling
1390,3693,engine_idling
1391,3694,engine_idling
1392,3695,engine_idling
1393,3696,engine_idling
1394,3697,engine_idling
1395,3698,engine_idling
1396,3699,car_horn
1397,3700,car_horn
1398,3701,car_horn
1399,3702,car_horn
1400,3703,car_horn
1401,3704,car_horn
1402,3705,car_horn
1403,3706,car_horn
1404,3707,car_horn
1405,3708,car_horn
1406,3709,car_horn
1407,3710,car_horn
1408,3711,car_horn
1409,3712,car_horn
1410,3713,car_horn
1411,3714,car_horn
1412,3715,car_horn
1413,3732,engine_idling
1414,3733,engine_idling
1415,3734,engine_idling
1416,3735,engine_idling
1417,3736,engine_idling
1418,3737,car_horn
1419,3747,car_horn
1420,3748,car_horn
1421,3749,car_horn
1422,3750,car_horn
1423,3751,engine_idling
1424,3752,engine_idling
1425,3753,engine_idling
1426,3766,engine_idling
1427,3767,engine_idling
1428,3768,engine_idling
1429,3769,engine_idling
1430,3770,engine_idling
1431,3771,engine_idling
1432,3772,engine_idling
1433,3773,engine_idling
1434,3774,engine_idling
1435,3775,engine_idling
1436,3776,engine_idling
1437,3777,engine_idling
1438,3778,engine_idling
1439,3779,engine_idling
1440,3780,engine_idling
1441,3781,engine_idling
1442,3782,engine_idling
1443,3783,engine_idling
1444,3784,engine_idling
1445,3785,engine_idling
1446,3786,engine_idling
1447,3787,engine_idling
1448,3788,engine_idling
1449,3789,engine_idling
1450,3790,engine_idling
1451,3791,engine_idling
1452,3792,engine_idling
1453,3793,engine_idling
1454,3794,engine_idling
1455,3795,engine_idling
1456,3796,engine_idling
1457,3842,engine_idling
1458,3843,engine_idling
1459,3844,engine_idling
1460,3845,engine_idling
1461,3846,engine_idling
1462,3847,engine_idling
1463,3848,engine_idling
1464,3849,engine_idling
1465,3850,engine_idling
1466,3851,engine_idling
1467,3852,engine_idling
1468,3985,car_horn
1469,4032,car_horn
1470,4053,engine_idling
1471,4054,engine_idling
1472,4055,engine_idling
1473,4056,engine_idling
1474,4057,engine_idling
1475,4058,engine_idling
1476,4059,engine_idling
1477,4060,engine_idling
1478,4061,engine_idling
1479,4062,engine_idling
1480,4063,engine_idling
1481,4064,engine_idling
1482,4065,engine_idling
1483,4066,engine_idling
1484,4067,engine_idling
1485,4068,engine_idling
1486,4151,car_horn
1487,4152,car_horn
1488,4153,car_horn
1489,4154,car_horn
1490,4155,car_horn
1491,4156,car_horn
1492,4157,car_horn
1493,4158,car_horn
1494,4159,car_horn
1495,4160,car_horn
1496,4161,car_horn
1497,4278,car_horn
1498,4279,car_horn
1499,4280,car_horn
1500,4281,car_horn
1501,4282,car_horn
1502,4283,car_horn
1503,4284,car_horn
1504,4285,car_horn
1505,4286,car_horn
1506,4287,car_horn
1507,4288,car_horn
1508,4289,car_horn
1509,4290,car_horn
1510,4394,gun_shot
1511,4424,car_horn
1512,4441,car_horn
1513,4442,car_horn
1514,4443,car_horn
1515,4444,car_horn
1516,4445,car_horn
1517,4454,car_horn
1518,4468,siren
1519,4469,siren
1520,4470,siren
1521,4471,siren
1522,4472,siren
1523,4529,car_horn
1524,4530,car_horn
1525,4531,car_horn
1526,4532,car_horn
1527,4533,car_horn
1528,4534,car_horn
1529,4535,car_horn
1530,4536,car_horn
1531,4567,engine_idling
1532,4568,engine_idling
1533,4569,engine_idling
1534,4570,engine_idling
1535,4571,engine_idling
1536,4572,car_horn
1537,4573,car_horn
1538,4574,car_horn
1539,4575,car_horn
1540,4576,car_horn
1541,4577,car_horn
1542,4578,car_horn
1543,4598,engine_idling
1544,4599,engine_idling
1545,4600,engine_idling
1546,4601,engine_idling
1547,4602,engine_idling
1548,4603,engine_idling
1549,4604,engine_idling
1550,4605,engine_idling
1551,4606,engine_idling
1552,4607,engine_idling
1553,4608,engine_idling
1554,4609,engine_idling
1555,4610,engine_idling
1556,4611,engine_idling
1557,4612,engine_idling
1558,4621,car_horn
1559,4622,car_horn
1560,4623,car_horn
1561,4624,car_horn
1562,4625,car_horn
1563,4626,car_horn
1564,4627,car_horn
1565,4645,siren
1566,4646,siren
1567,4647,siren
1568,4718,car_horn
1569,4804,car_horn
1570,4837,gun_shot
1571,4879,engine_idling
1572,4880,engine_idling
1573,4881,engine_idling
1574,4882,engine_idling
1575,4962,engine_idling
1576,4963,engine_idling
1577,4964,engine_idling
1578,4970,engine_idling
1579,4971,engine_idling
1580,4972,engine_idling
1581,4973,engine_idling
1582,4974,engine_idling
1583,4975,engine_idling
1584,4976,engine_idling
1585,4977,engine_idling
1586,4978,engine_idling
1587,4979,engine_idling
1588,4980,engine_idling
1589,4981,engine_idling
1590,4982,engine_idling
1591,4983,engine_idling
1592,4984,engine_idling
1593,4985,engine_idling
1594,4986,engine_idling
1595,4987,engine_idling
1596,4988,engine_idling
1597,4989,engine_idling
1598,4990,engine_idling
1599,4991,engine_idling
1600,5074,gun_shot
1601,5096,gun_shot
1602,5097,gun_shot
1603,5098,gun_shot
1604,5099,gun_shot
1605,5100,gun_shot
1606,5101,gun_shot
1607,5102,gun_shot
1608,5103,gun_shot
1609,5104,gun_shot
1610,5105,gun_shot
1611,5106,gun_shot
1612,5107,gun_shot
1613,5108,gun_shot
1614,5109,gun_shot
1615,5110,gun_shot
1616,5111,gun_shot
1617,5112,gun_shot
1618,5113,gun_shot
1619,5114,gun_shot
1620,5115,gun_shot
1621,5116,gun_shot
1622,5117,gun_shot
1623,5118,gun_shot
1624,5119,gun_shot
1625,5120,gun_shot
1626,5121,gun_shot
1627,5134,car_horn
1628,5135,car_horn
1629,5136,car_horn
1630,5137,car_horn
1631,5138,car_horn
1632,5139,car_horn
1633,5140,car_horn
1634,5141,car_horn
1635,5142,car_horn
1636,5143,car_horn
1637,5144,car_horn
1638,5145,car_horn
1639,5146,car_horn
1640,5147,car_horn
1641,5148,car_horn
1642,5149,car_horn
1643,5150,car_horn
1644,5151,car_horn
1645,5152,car_horn
1646,5164,gun_shot
1647,5165,gun_shot
1648,5166,gun_shot
1649,5167,gun_shot
1650,5168,gun_shot
1651,5169,gun_shot
1652,5170,engine_idling
1653,5171,engine_idling
1654,5172,engine_idling
1655,5173,engine_idling
1656,5174,engine_idling
1657,5175,engine_idling
1658,5176,engine_idling
1659,5181,engine_idling
1660,5182,engine_idling
1661,5183,engine_idling
1662,5184,engine_idling
1663,5185,engine_idling
1664,5186,engine_idling
1665,5187,engine_idling
1666,5188,engine_idling
1667,5189,engine_idling
1668,5190,engine_idling
1669,5191,engine_idling
1670,5192,engine_idling
1671,5193,engine_idling
1672,5194,engine_idling
1673,5195,engine_idling
1674,5196,engine_idling
1675,5197,engine_idling
1676,5198,engine_idling
1677,5199,engine_idling
1678,5200,engine_idling
1679,5201,engine_idling
1680,5202,engine_idling
1681,5203,engine_idling
1682,5204,engine_idling
1683,5205,engine_idling
1684,5206,engine_idling
1685,5207,engine_idling
1686,5208,engine_idling
1687,5209,engine_idling
1688,5210,engine_idling
1689,5211,engine_idling
1690,5212,engine_idling
1691,5213,engine_idling
1692,5214,engine_idling
1693,5215,engine_idling
1694,5216,engine_idling
1695,5217,engine_idling
1696,5218,engine_idling
1697,5219,engine_idling
1698,5220,engine_idling
1699,5221,engine_idling
1700,5222,engine_idling
1701,5223,engine_idling
1702,5224,engine_idling
1703,5225,engine_idling
1704,5226,engine_idling
1705,5227,engine_idling
1706,5228,engine_idling
1707,5229,engine_idling
1708,5230,engine_idling
1709,5231,engine_idling
1710,5232,engine_idling
1711,5233,engine_idling
1712,5234,engine_idling
1713,5235,engine_idling
1714,5236,engine_idling
1715,5287,siren
1716,5288,siren
1717,5289,siren
1718,5290,siren
1719,5291,siren
1720,5292,siren
1721,5293,siren
1722,5294,siren
1723,5295,siren
1724,5296,siren
1725,5297,siren
1726,5298,siren
1727,5299,siren
1728,5300,siren
1729,5301,siren
1730,5302,siren
1731,5303,siren
1732,5304,siren
1733,5305,siren
1734,5378,car_horn
1735,5379,engine_idling
1736,5380,engine_idling
1737,5438,car_horn
1738,5447,gun_shot
1739,5529,siren
1740,5530,siren
1741,5531,siren
1742,5532,siren
1743,5537,engine_idling
1744,5538,engine_idling
1745,5539,engine_idling
1746,5540,engine_idling
1747,5541,engine_idling
1748,5542,engine_idling
1749,5543,engine_idling
1750,5544,engine_idling
1751,5545,engine_idling
1752,5546,engine_idling
1753,5547,engine_idling
1754,5548,engine_idling
1755,5549,engine_idling
1756,5550,engine_idling
1757,5551,engine_idling
1758,5552,engine_idling
1759,5553,engine_idling
1760,5554,engine_idling
1761,5555,engine_idling
1762,5556,engine_idling
1763,5557,engine_idling
1764,5558,engine_idling
1765,5559,engine_idling
1766,5560,engine_idling
1767,5561,engine_idling
1768,5562,engine_idling
1769,5563,engine_idling
1770,5564,engine_idling
1771,5565,engine_idling
1772,5566,engine_idling
1773,5567,engine_idling
1774,5568,engine_idling
1775,5587,siren
1776,5588,siren
1777,5589,siren
1778,5590,siren
1779,5591,siren
1780,5592,siren
1781,5593,siren
1782,5594,siren
1783,5595,siren
1784,5596,siren
1785,5597,siren
1786,5598,siren
1787,5599,siren
1788,5600,siren
1789,5601,siren
1790,5602,siren
1791,5603,siren
1792,5604,siren
1793,5605,siren
1794,5606,siren
1795,5607,siren
1796,5608,siren
1797,5609,siren
1798,5610,siren
1799,5611,siren
1800,5612,siren
1801,5613,siren
1802,5614,siren
1803,5615,siren
1804,5616,siren
1805,5617,siren
1806,5618,siren
1807,5619,siren
1808,5620,siren
1809,5621,siren
1810,5622,siren
1811,5623,siren
1812,5624,siren
1813,5625,siren
1814,5626,siren
1815,5627,siren
1816,5628,siren
1817,5629,siren
1818,5630,siren
1819,5631,siren
1820,5632,siren
1821,5633,siren
1822,5634,siren
1823,5635,siren
1824,5636,siren
1825,5637,siren
1826,5638,siren
1827,5639,siren
1828,5640,siren
1829,5641,siren
1830,5642,engine_idling
1831,5643,engine_idling
1832,5706,engine_idling
1833,5717,gun_shot
1834,5718,gun_shot
1835,5719,engine_idling
1836,5720,engine_idling
1837,5721,engine_idling
1838,5722,engine_idling
1839,5723,engine_idling
1840,5724,engine_idling
1841,5725,engine_idling
1842,5726,engine_idling
1843,5727,engine_idling
1844,5728,engine_idling
1845,5729,engine_idling
1846,5730,engine_idling
1847,5731,engine_idling
1848,5732,engine_idling
1849,5733,engine_idling
1850,5734,engine_idling
1851,5735,engine_idling
1852,5736,engine_idling
1853,5737,car_horn
1854,5738,car_horn
1855,5739,car_horn
1856,5740,car_horn
1857,5741,car_horn
1858,5742,car_horn
1859,5743,car_horn
1860,5744,car_horn
1861,5745,car_horn
1862,5746,car_horn
1863,5747,car_horn
1864,5748,car_horn
1865,5749,car_horn
1866,5750,car_horn
1867,5751,car_horn
1868,5752,car_horn
1869,5753,siren
1870,5754,siren
1871,5755,siren
1872,5756,siren
1873,5757,siren
1874,5758,siren
1875,5759,siren
1876,5760,siren
1877,5761,siren
1878,5762,siren
1879,5763,siren
1880,5764,siren
1881,5765,siren
1882,5766,siren
1883,5767,siren
1884,5768,siren
1885,5769,siren
1886,5770,siren
1887,5771,siren
1888,5772,siren
1889,5773,siren
1890,5774,siren
1891,5775,siren
1892,5776,siren
1893,5777,siren
1894,5778,siren
1895,5779,siren
1896,5780,siren
1897,5781,siren
1898,5782,siren
1899,5783,siren
1900,5784,siren
1901,5785,siren
1902,5786,siren
1903,5787,siren
1904,5788,siren
1905,5789,siren
1906,5790,siren
1907,5791,siren
1908,5792,siren
1909,5793,siren
1910,5794,siren
1911,5795,siren
1912,5796,siren
1913,5797,siren
1914,5798,siren
1915,5799,siren
1916,5800,siren
1917,5801,siren
1918,5802,siren
1919,5803,siren
1920,5804,siren
1921,5805,siren
1922,5806,siren
1923,5807,siren
1924,5808,siren
1925,5809,siren
1926,5810,siren
1927,5811,siren
1928,5812,siren
1929,5813,siren
1930,5814,siren
1931,5815,siren
1932,5816,siren
1933,5817,siren
1934,5818,siren
1935,5819,siren
1936,5820,siren
1937,5821,siren
1938,5822,siren
1939,5823,siren
1940,5824,siren
1941,5825,siren
1942,5826,siren
1943,5827,siren
1944,5828,siren
1945,5829,siren
1946,5830,siren
1947,5831,siren
1948,5832,siren
1949,5833,siren
1950,5834,siren
1951,5835,siren
1952,5836,siren
1953,5837,siren
1954,5838,siren
1955,5839,siren
1956,5840,siren
1957,5841,siren
1958,5842,siren
1959,5843,siren
1960,5844,siren
1961,5845,siren
1962,5846,siren
1963,5847,siren
1964,5848,siren
1965,5849,siren
1966,5850,siren
1967,5851,siren
1968,5852,siren
1969,5866,gun_shot
1970,5867,gun_shot
1971,5868,gun_shot
1972,5869,gun_shot
1973,5880,gun_shot
1974,5881,gun_shot
1975,5882,gun_shot
1976,5883,gun_shot
1977,5884,gun_shot
1978,5885,gun_shot
1979,5886,siren
1980,5887,car_horn
1981,5888,car_horn
1982,5889,car_horn
1983,5890,car_horn
1984,5891,engine_idling
1985,5892,engine_idling
1986,5893,engine_idling
1987,5894,engine_idling
1988,5895,engine_idling
1989,5896,engine_idling
1990,5897,engine_idling
1991,5898,engine_idling
1992,5899,car_horn
1993,5900,car_horn
1994,5901,car_horn
1995,5918,car_horn
1996,5947,siren
1997,5948,siren
1998,5949,siren
1999,5950,car_horn
2000,5951,car_horn
2001,5952,car_horn
2002,5953,car_horn
2003,5954,car_horn
2004,5955,car_horn
2005,5956,car_horn
2006,5957,car_horn
2007,5958,car_horn
2008,5959,car_horn
2009,5960,car_horn
2010,5961,car_horn
2011,5962,car_horn
2012,5963,car_horn
2013,5964,car_horn
2014,5987,car_horn
2015,5988,car_horn
2016,6059,siren
2017,6098,car_horn
2018,6142,car_horn
2019,6143,car_horn
2020,6144,car_horn
2021,6177,gun_shot
2022,6178,gun_shot
2023,6179,gun_shot
2024,6180,gun_shot
2025,6181,gun_shot
2026,6182,gun_shot
2027,6201,siren
2028,6202,siren
2029,6203,siren
2030,6204,siren
2031,6205,siren
2032,6206,siren
2033,6207,siren
2034,6208,siren
2035,6231,gun_shot
2036,6232,gun_shot
2037,6245,gun_shot
2038,6256,gun_shot
2039,6281,engine_idling
2040,6282,engine_idling
2041,6283,engine_idling
2042,6284,engine_idling
2043,6285,engine_idling
2044,6286,engine_idling
2045,6287,engine_idling
2046,6288,engine_idling
2047,6289,engine_idling
2048,6290,engine_idling
2049,6291,engine_idling
2050,6292,engine_idling
2051,6293,engine_idling
2052,6294,engine_idling
2053,6295,engine_idling
2054,6296,engine_idling
2055,6297,engine_idling
2056,6298,engine_idling
2057,6299,engine_idling
2058,6300,engine_idling
2059,6301,engine_idling
2060,6302,engine_idling
2061,6303,engine_idling
2062,6304,engine_idling
2063,6305,engine_idling
2064,6306,engine_idling
2065,6307,engine_idling
2066,6308,engine_idling
2067,6309,engine_idling
2068,6310,engine_idling
2069,6311,engine_idling
2070,6312,engine_idling
2071,6313,engine_idling
2072,6314,engine_idling
2073,6315,engine_idling
2074,6316,engine_idling
2075,6317,engine_idling
2076,6318,engine_idling
2077,6319,engine_idling
2078,6320,engine_idling
2079,6321,engine_idling
2080,6322,engine_idling
2081,6323,engine_idling
2082,6324,engine_idling
2083,6325,engine_idling
2084,6326,engine_idling
2085,6327,engine_idling
2086,6328,engine_idling
2087,6329,engine_idling
2088,6330,engine_idling
2089,6331,engine_idling
2090,6332,engine_idling
2091,6333,engine_idling
2092,6334,engine_idling
2093,6335,engine_idling
2094,6336,engine_idling
2095,6337,engine_idling
2096,6338,engine_idling
2097,6339,engine_idling
2098,6340,engine_idling
2099,6341,engine_idling
2100,6342,engine_idling
2101,6343,engine_idling
2102,6344,engine_idling
2103,6345,engine_idling
2104,6346,engine_idling
2105,6347,engine_idling
2106,6348,engine_idling
2107,6349,engine_idling
2108,6350,engine_idling
2109,6351,engine_idling
2110,6370,siren
2111,6371,siren
2112,6372,siren
2113,6373,siren
2114,6374,siren
2115,6375,siren
2116,6376,siren
2117,6377,siren
2118,6378,siren
2119,6379,siren
2120,6380,siren
2121,6381,siren
2122,6382,siren
2123,6383,siren
2124,6384,siren
2125,6385,siren
2126,6408,car_horn
2127,6409,siren
2128,6410,siren
2129,6411,siren
2130,6412,siren
2131,6413,siren
2132,6414,siren
2133,6415,siren
2134,6416,siren
2135,6417,siren
2136,6418,siren
2137,6419,siren
2138,6420,siren
2139,6421,siren
2140,6422,siren
2141,6423,siren
2142,6424,siren
2143,6461,car_horn
2144,6462,car_horn
2145,6463,car_horn
2146,6464,car_horn
2147,6465,siren
2148,6466,siren
2149,6467,siren
2150,6468,siren
2151,6469,siren
2152,6470,siren
2153,6475,car_horn
2154,6476,car_horn
2155,6483,engine_idling
2156,6484,engine_idling
2157,6485,engine_idling
2158,6486,engine_idling
2159,6487,engine_idling
2160,6488,engine_idling
2161,6489,engine_idling
2162,6490,engine_idling
2163,6494,car_horn
2164,6503,car_horn
2165,6504,car_horn
2166,6505,gun_shot
2167,6506,gun_shot
2168,6507,gun_shot
2169,6508,gun_shot
2170,6509,gun_shot
2171,6510,gun_shot
2172,6511,gun_shot
2173,6512,gun_shot
2174,6539,engine_idling
2175,6540,engine_idling
2176,6541,engine_idling
2177,6588,engine_idling
2178,6589,engine_idling
2179,6596,car_horn
2180,6612,engine_idling
2181,6613,engine_idling
2182,6617,gun_shot
2183,6635,engine_idling
2184,6636,engine_idling
2185,6637,engine_idling
2186,6638,engine_idling
2187,6639,engine_idling
2188,6640,engine_idling
2189,6641,engine_idling
2190,6642,engine_idling
2191,6643,engine_idling
2192,6644,engine_idling
2193,6645,engine_idling
2194,6646,engine_idling
2195,6647,engine_idling
2196,6648,engine_idling
2197,6649,engine_idling
2198,6650,engine_idling
2199,6651,engine_idling
2200,6652,engine_idling
2201,6657,engine_idling
2202,6681,car_horn
2203,6686,gun_shot
2204,6687,gun_shot
2205,6725,car_horn
2206,6726,car_horn
2207,6727,car_horn
2208,6736,car_horn
2209,6737,car_horn
2210,6738,car_horn
2211,6739,car_horn
2212,6740,car_horn
2213,6767,siren
2214,6768,siren
2215,6769,siren
2216,6770,siren
2217,6771,siren
2218,6772,siren
2219,6773,siren
2220,6774,siren
2221,6775,siren
2222,6776,siren
2223,6777,siren
2224,6878,siren
2225,6879,siren
2226,6880,siren
2227,6881,siren
2228,6882,siren
2229,6883,siren
2230,6884,siren
2231,6885,siren
2232,6886,siren
2233,6887,siren
2234,6888,siren
2235,6889,siren
2236,6890,siren
2237,6905,car_horn
2238,6930,car_horn
2239,7069,engine_idling
2240,7070,engine_idling
2241,7071,engine_idling
2242,7072,engine_idling
2243,7073,engine_idling
2244,7074,engine_idling
2245,7075,engine_idling
2246,7076,engine_idling
2247,7077,engine_idling
2248,7078,engine_idling
2249,7079,engine_idling
2250,7080,engine_idling
2251,7081,engine_idling
2252,7082,engine_idling
2253,7083,engine_idling
2254,7084,engine_idling
2255,7085,engine_idling
2256,7086,engine_idling
2257,7087,engine_idling
2258,7088,engine_idling
2259,7089,engine_idling
2260,7090,engine_idling
2261,7091,engine_idling
2262,7092,engine_idling
2263,7093,engine_idling
2264,7094,engine_idling
2265,7095,engine_idling
2266,7096,engine_idling
2267,7097,engine_idling
2268,7098,engine_idling
2269,7099,engine_idling
2270,7100,engine_idling
2271,7101,engine_idling
2272,7102,engine_idling
2273,7103,engine_idling
2274,7170,siren
2275,7171,siren
2276,7172,siren
2277,7220,gun_shot
2278,7230,car_horn
2279,7249,car_horn
2280,7250,car_horn
2281,7267,siren
2282,7268,siren
2283,7269,siren
2284,7270,siren
2285,7271,siren
2286,7272,siren
2287,7297,siren
2288,7298,siren
2289,7315,car_horn
2290,7347,car_horn
2291,7348,engine_idling
2292,7349,engine_idling
2293,7350,engine_idling
2294,7351,engine_idling
2295,7352,engine_idling
2296,7353,engine_idling
2297,7373,gun_shot
2298,7374,gun_shot
2299,7375,gun_shot
2300,7376,gun_shot
2301,7377,gun_shot
2302,7378,gun_shot
2303,7379,gun_shot
2304,7380,gun_shot
2305,7381,gun_shot
2306,7382,gun_shot
2307,7383,gun_shot
2308,7384,gun_shot
2309,7385,gun_shot
2310,7386,gun_shot
2311,7387,gun_shot
2312,7388,gun_shot
2313,7389,gun_shot
2314,7390,siren
2315,7431,siren
2316,7432,siren
2317,7433,siren
2318,7434,siren
2319,7435,siren
2320,7436,siren
2321,7437,siren
2322,7438,siren
2323,7439,siren
2324,7440,car_horn
2325,7441,car_horn
2326,7442,car_horn
2327,7443,car_horn
2328,7444,car_horn
2329,7445,car_horn
2330,7446,car_horn
2331,7447,car_horn
2332,7448,car_horn
2333,7449,car_horn
2334,7450,car_horn
2335,7455,car_horn
2336,7456,car_horn
2337,7457,car_horn
2338,7458,car_horn
2339,7493,car_horn
2340,7494,car_horn
2341,7495,car_horn
2342,7496,car_horn
2343,7497,car_horn
2344,7498,car_horn
2345,7499,car_horn
2346,7500,car_horn
2347,7501,car_horn
2348,7502,car_horn
2349,7503,car_horn
2350,7504,car_horn
2351,7505,car_horn
2352,7506,car_horn
2353,7507,car_horn
2354,7508,car_horn
2355,7509,car_horn
2356,7510,car_horn
2357,7511,car_horn
2358,7512,car_horn
2359,7513,car_horn
2360,7514,car_horn
2361,7515,car_horn
2362,7516,car_horn
2363,7517,car_horn
2364,7518,car_horn
2365,7519,car_horn
2366,7520,car_horn
2367,7521,car_horn
2368,7522,car_horn
2369,7523,car_horn
2370,7524,car_horn
2371,7525,car_horn
2372,7526,car_horn
2373,7527,car_horn
2374,7528,car_horn
2375,7529,car_horn
2376,7530,car_horn
2377,7531,car_horn
2378,7532,car_horn
2379,7533,car_horn
2380,7534,car_horn
2381,7535,car_horn
2382,7536,car_horn
2383,7537,car_horn
2384,7538,car_horn
2385,7539,car_horn
2386,7540,car_horn
2387,7541,car_horn
2388,7542,car_horn
2389,7543,car_horn
2390,7544,car_horn
2391,7545,car_horn
2392,7546,car_horn
2393,7547,car_horn
2394,7548,car_horn
2395,7549,car_horn
2396,7550,car_horn
2397,7551,car_horn
2398,7552,car_horn
2399,7553,car_horn
2400,7554,car_horn
2401,7555,car_horn
2402,7556,car_horn
2403,7557,car_horn
2404,7558,car_horn
2405,7559,car_horn
2406,7560,car_horn
2407,7561,car_horn
2408,7562,car_horn
2409,7563,car_horn
2410,7564,car_horn
2411,7565,car_horn
2412,7585,car_horn
2413,7586,car_horn
2414,7587,car_horn
2415,7588,car_horn
2416,7589,car_horn
2417,7590,car_horn
2418,7591,car_horn
2419,7592,car_horn
2420,7593,car_horn
2421,7594,car_horn
2422,7595,car_horn
2423,7596,car_horn
2424,7597,car_horn
2425,7598,car_horn
2426,7599,car_horn
2427,7600,car_horn
2428,7601,car_horn
2429,7602,car_horn
2430,7603,car_horn
2431,7616,car_horn
2432,7617,car_horn
2433,7618,car_horn
2434,7663,car_horn
2435,7664,car_horn
2436,7665,car_horn
2437,7666,car_horn
2438,7667,car_horn
2439,7668,car_horn
2440,7669,car_horn
2441,7670,car_horn
2442,7671,car_horn
2443,7672,car_horn
2444,7673,car_horn
2445,7674,car_horn
2446,7675,car_horn
2447,7676,car_horn
2448,7677,car_horn
2449,7678,car_horn
2450,7679,car_horn
2451,7680,car_horn
2452,7681,car_horn
2453,7682,car_horn
2454,7683,car_horn
2455,7684,car_horn
2456,7685,car_horn
2457,7686,car_horn
2458,7687,car_horn
2459,7688,car_horn
2460,7689,car_horn
2461,7690,car_horn
2462,7691,car_horn
2463,7692,car_horn
2464,7693,car_horn
2465,7694,car_horn
2466,7695,car_horn
2467,7696,car_horn
2468,7697,car_horn
2469,7712,siren
2470,7713,siren
2471,7714,siren
2472,7715,siren
2473,7716,siren
2474,7717,siren
2475,7718,siren
2476,7719,siren
2477,7720,siren
2478,7721,siren
2479,7722,siren
2480,7723,siren
2481,7724,siren
2482,7725,siren
2483,7726,siren
2484,7727,siren
2485,7728,siren
2486,7729,siren
2487,7730,siren
2488,7731,siren
2489,7732,siren
2490,7733,siren
2491,7734,siren
2492,7735,siren
2493,7736,siren
2494,7737,siren
2495,7738,siren
2496,7739,siren
2497,7813,siren
2498,7814,siren
2499,7815,siren
2500,7816,siren
2501,7817,siren
2502,7818,siren
2503,7819,siren
2504,7820,siren
2505,7821,siren
2506,7822,siren
2507,7823,siren
2508,7824,siren
2509,7825,siren
2510,7826,siren
2511,7827,siren
2512,7828,siren
2513,7829,siren
2514,7830,siren
2515,7831,siren
2516,7832,siren
2517,7833,siren
2518,7834,siren
2519,7835,siren
2520,7836,siren
2521,7837,siren
2522,7838,siren
2523,7868,siren
2524,7869,siren
2525,7870,siren
2526,7871,siren
2527,7872,siren
2528,7934,gun_shot
2529,7935,gun_shot
2530,7936,gun_shot
2531,7937,gun_shot
2532,7938,gun_shot
2533,7939,gun_shot
2534,7940,gun_shot
2535,7941,gun_shot
2536,7942,gun_shot
2537,7943,gun_shot
2538,7944,gun_shot
2539,7945,gun_shot
2540,7946,gun_shot
2541,7984,gun_shot
2542,7985,gun_shot
2543,7986,car_horn
2544,8082,engine_idling
2545,8083,engine_idling
2546,8084,engine_idling
2547,8085,engine_idling
2548,8086,engine_idling
2549,8087,engine_idling
2550,8088,engine_idling
2551,8089,engine_idling
2552,8090,engine_idling
2553,8091,engine_idling
2554,8092,engine_idling
2555,8093,engine_idling
2556,8094,engine_idling
2557,8095,engine_idling
2558,8096,engine_idling
2559,8097,engine_idling
2560,8098,engine_idling
2561,8099,engine_idling
2562,8100,gun_shot
2563,8160,engine_idling
2564,8161,engine_idling
2565,8162,engine_idling
2566,8163,engine_idling
2567,8164,engine_idling
2568,8165,engine_idling
2569,8166,engine_idling
2570,8167,engine_idling
2571,8204,car_horn
2572,8236,car_horn
2573,8237,car_horn
2574,8238,car_horn
2575,8253,engine_idling
2576,8254,engine_idling
2577,8255,engine_idling
2578,8256,engine_idling
2579,8271,gun_shot
2580,8321,gun_shot
2581,8325,car_horn
2582,8326,car_horn
2583,8327,car_horn
2584,8328,car_horn
2585,8329,car_horn
2586,8330,car_horn
2587,8331,gun_shot
2588,8332,siren
2589,8333,siren
2590,8334,siren
2591,8335,siren
2592,8336,siren
2593,8337,siren
2594,8367,car_horn
2595,8368,car_horn
2596,8369,engine_idling
2597,8370,engine_idling
2598,8371,engine_idling
2599,8372,engine_idling
2600,8373,engine_idling
2601,8374,engine_idling
2602,8375,engine_idling
2603,8390,siren
2604,8391,siren
2605,8392,siren
2606,8393,siren
2607,8394,siren
2608,8395,siren
2609,8396,siren
2610,8404,siren
2611,8405,engine_idling
2612,8406,engine_idling
2613,8407,engine_idling
2614,8408,engine_idling
2615,8409,engine_idling
2616,8410,engine_idling
2617,8411,engine_idling
2618,8412,engine_idling
2619,8413,engine_idling
2620,8414,siren
2621,8415,siren
2622,8416,siren
2623,8417,siren
2624,8418,engine_idling
2625,8419,engine_idling
2626,8420,engine_idling
2627,8421,engine_idling
2628,8435,gun_shot
2629,8442,siren
2630,8443,siren
2631,8444,siren
2632,8445,siren
2633,8446,siren
2634,8447,siren
2635,8448,siren
2636,8449,siren
2637,8450,siren
2638,8451,siren
2639,8452,siren
2640,8453,siren
2641,8454,siren
2642,8455,siren
2643,8456,siren
2644,8457,siren
2645,8458,siren
2646,8459,siren
2647,8460,siren
2648,8461,siren
2649,8462,siren
2650,8463,siren
2651,8471,car_horn
2652,8478,engine_idling
2653,8479,engine_idling
2654,8480,engine_idling
2655,8481,engine_idling
2656,8482,engine_idling
2657,8483,engine_idling
2658,8484,engine_idling
2659,8485,engine_idling
2660,8486,engine_idling
2661,8487,engine_idling
2662,8488,engine_idling
2663,8489,engine_idling
2664,8490,engine_idling
2665,8491,engine_idling
2666,8492,engine_idling
2667,8493,engine_idling
2668,8494,engine_idling
2669,8495,engine_idling
2670,8496,engine_idling
2671,8497,engine_idling
2672,8498,engine_idling
2673,8499,engine_idling
2674,8500,engine_idling
2675,8501,engine_idling
2676,8502,engine_idling
2677,8503,engine_idling
2678,8504,engine_idling
2679,8505,engine_idling
2680,8506,engine_idling
2681,8507,engine_idling
2682,8508,engine_idling
2683,8509,siren
2684,8510,siren
2685,8511,siren
2686,8512,siren
2687,8513,siren
2688,8514,siren
2689,8515,siren
2690,8516,siren
2691,8517,siren
2692,8518,siren
2693,8519,siren
2694,8520,siren
2695,8521,siren
2696,8522,siren
2697,8523,siren
2698,8524,siren
2699,8525,siren
2700,8526,siren
2701,8527,siren
2702,8528,siren
2703,8529,siren
2704,8530,siren
2705,8531,engine_idling
2706,8532,engine_idling
2707,8533,engine_idling
2708,8534,engine_idling
2709,8535,engine_idling
2710,8536,car_horn
2711,8537,car_horn
2712,8538,car_horn
2713,8539,engine_idling
2714,8573,siren
2715,8574,siren
2716,8575,siren
2717,8576,siren
2718,8577,car_horn
2719,8578,car_horn
2720,8579,car_horn
2721,8642,siren
2722,8643,siren
2723,8723,car_horn
2724,8724,car_horn
2725,8725,car_horn
2726,8726,car_horn
2727,8727,car_horn
2728,8728,car_horn
2729,8729,car_horn
2730,8730,car_horn
2731,8731,car_horn
